"","study_id","BioProject","host_plant","SampleName","gene_region"
"ERR3245554","Prado 2020","PRJEB31847","Brassica napus","SAMEA5533913","V4"
"ERR3245555","Prado 2020","PRJEB31847","Brassica napus","SAMEA5533914","V4"
"ERR3245556","Prado 2020","PRJEB31847","Brassica napus","SAMEA5533915","V4"
"ERR3245557","Prado 2020","PRJEB31847","Brassica napus","SAMEA5533916","V4"
"ERR3245558","Prado 2020","PRJEB31847","Brassica napus","SAMEA5533917","V4"
"ERR3245559","Prado 2020","PRJEB31847","Brassica napus","SAMEA5533919","V4"
"ERR3245560","Prado 2020","PRJEB31847","Brassica napus","SAMEA5533920","V4"
"ERR3245561","Prado 2020","PRJEB31847","Brassica napus","SAMEA5533921","V4"
"ERR3245562","Prado 2020","PRJEB31847","Brassica napus","SAMEA5533923","V4"
"ERR3245563","Prado 2020","PRJEB31847","Brassica napus","SAMEA5533924","V4"
"ERR3245564","Prado 2020","PRJEB31847","Brassica napus","SAMEA5533925","V4"
"ERR3245565","Prado 2020","PRJEB31847","Brassica napus","SAMEA5533926","V4"
"ERR3245566","Prado 2020","PRJEB31847","Brassica napus","SAMEA5533927","V4"
"ERR3245567","Prado 2020","PRJEB31847","Brassica napus","SAMEA5533928","V4"
"ERR3245568","Prado 2020","PRJEB31847","Brassica napus","SAMEA5533929","V4"
"ERR3245569","Prado 2020","PRJEB31847","Brassica napus","SAMEA5533930","V4"
"ERR3245570","Prado 2020","PRJEB31847","Brassica napus","SAMEA5533931","V4"
"ERR3245571","Prado 2020","PRJEB31847","Brassica napus","SAMEA5533932","V4"
"ERR3245572","Prado 2020","PRJEB31847","Brassica napus","SAMEA5533934","V4"
"ERR3245573","Prado 2020","PRJEB31847","Brassica napus","SAMEA5533935","V4"
"ERR3245574","Prado 2020","PRJEB31847","Brassica napus","SAMEA5533936","V4"
"ERR3245575","Prado 2020","PRJEB31847","Brassica napus","SAMEA5533937","V4"
"ERR3245576","Prado 2020","PRJEB31847","Brassica napus","SAMEA5533938","V4"
"ERR3245577","Prado 2020","PRJEB31847","Brassica napus","SAMEA5533939","V4"
"ERR3245578","Prado 2020","PRJEB31847","Brassica napus","SAMEA5533940","V4"
"ERR3245579","Prado 2020","PRJEB31847","Brassica napus","SAMEA5533941","V4"
"ERR3245580","Prado 2020","PRJEB31847","Brassica napus","SAMEA5533942","V4"
"ERR3245581","Prado 2020","PRJEB31847","Brassica napus","SAMEA5533944","V4"
"ERR3245582","Prado 2020","PRJEB31847","Brassica napus","SAMEA5533945","V4"
"ERR3245583","Prado 2020","PRJEB31847","Brassica napus","SAMEA5533946","V4"
"ERR3245584","Prado 2020","PRJEB31847","Brassica napus","SAMEA5533947","V4"
"ERR3245585","Prado 2020","PRJEB31847","Brassica napus","SAMEA5533948","V4"
"ERR3245586","Prado 2020","PRJEB31847","Brassica napus","SAMEA5533949","V4"
"ERR3245587","Prado 2020","PRJEB31847","Brassica napus","SAMEA5533950","V4"
"ERR3245588","Prado 2020","PRJEB31847","Brassica napus","SAMEA5533951","V4"
"ERR3245589","Prado 2020","PRJEB31847","Brassica napus","SAMEA5533952","V4"
"ERR3245590","Prado 2020","PRJEB31847","Brassica napus","SAMEA5533953","V4"
"ERR3245591","Prado 2020","PRJEB31847","Brassica napus","SAMEA5533954","V4"
"ERR3245592","Prado 2020","PRJEB31847","Brassica napus","SAMEA5533955","V4"
"ERR3245593","Prado 2020","PRJEB31847","Brassica napus","SAMEA5533956","V4"
"ERR3245594","Prado 2020","PRJEB31847","Brassica napus","SAMEA5533958","V4"
"ERR3245595","Prado 2020","PRJEB31847","Brassica napus","SAMEA5533959","V4"
"ERR3245596","Prado 2020","PRJEB31847","Brassica napus","SAMEA5533960","V4"
"ERR3245597","Prado 2020","PRJEB31847","Brassica napus","SAMEA5533961","V4"
"ERR3245598","Prado 2020","PRJEB31847","Brassica napus","SAMEA5533962","V4"
"ERR3245599","Prado 2020","PRJEB31847","Brassica napus","SAMEA5533963","V4"
"ERR3245600","Prado 2020","PRJEB31847","Brassica napus","SAMEA5533964","V4"
"ERR3245601","Prado 2020","PRJEB31847","Brassica napus","SAMEA5533965","V4"
"ERR3245602","Prado 2020","PRJEB31847","Brassica napus","SAMEA5533966","V4"
"ERR3245603","Prado 2020","PRJEB31847","Brassica napus","SAMEA5533967","V4"
"ERR3245604","Prado 2020","PRJEB31847","Brassica napus","SAMEA5533968","V4"
"ERR3245605","Prado 2020","PRJEB31847","Brassica napus","SAMEA5533970","V4"
"ERR3245606","Prado 2020","PRJEB31847","Brassica napus","SAMEA5533971","V4"
"ERR3245607","Prado 2020","PRJEB31847","Brassica napus","SAMEA5533972","V4"
"ERR3245608","Prado 2020","PRJEB31847","Brassica napus","SAMEA5533973","V4"
"ERR3245609","Prado 2020","PRJEB31847","Brassica napus","SAMEA5533974","V4"
"ERR3245610","Prado 2020","PRJEB31847","Brassica napus","SAMEA5533975","V4"
"ERR3245611","Prado 2020","PRJEB31847","Brassica napus","SAMEA5533976","V4"
"ERR3245612","Prado 2020","PRJEB31847","Brassica napus","SAMEA5533977","V4"
"ERR3245613","Prado 2020","PRJEB31847","Brassica napus","SAMEA5533978","V4"
"ERR3245614","Prado 2020","PRJEB31847","Brassica napus","SAMEA5533979","V4"
"ERR3245615","Prado 2020","PRJEB31847","Brassica napus","SAMEA5533980","V4"
"ERR3245616","Prado 2020","PRJEB31847","Brassica napus","SAMEA5533981","V4"
"ERR3245617","Prado 2020","PRJEB31847","Brassica napus","SAMEA5533983","V4"
"ERR3245618","Prado 2020","PRJEB31847","Brassica napus","SAMEA5533984","V4"
"ERR3245619","Prado 2020","PRJEB31847","Brassica napus","SAMEA5533985","V4"
"ERR3245620","Prado 2020","PRJEB31847","Brassica napus","SAMEA5533986","V4"
"ERR3245621","Prado 2020","PRJEB31847","Brassica napus","SAMEA5533987","V4"
"ERR3245622","Prado 2020","PRJEB31847","Brassica napus","SAMEA5533988","V4"
"ERR3245623","Prado 2020","PRJEB31847","Brassica napus","SAMEA5533989","V4"
"ERR3245624","Prado 2020","PRJEB31847","Brassica napus","SAMEA5533990","V4"
"ERR3245625","Prado 2020","PRJEB31847","Brassica napus","SAMEA5533991","V4"
"ERR3245626","Prado 2020","PRJEB31847","Brassica napus","SAMEA5533992","V4"
"ERR3245627","Prado 2020","PRJEB31847","Brassica napus","SAMEA5533993","V4"
"ERR3245628","Prado 2020","PRJEB31847","Brassica napus","SAMEA5533994","V4"
"ERR3245629","Prado 2020","PRJEB31847","Brassica napus","SAMEA5533996","V4"
"ERR3245630","Prado 2020","PRJEB31847","Brassica napus","SAMEA5533997","V4"
"ERR3245631","Prado 2020","PRJEB31847","Brassica napus","SAMEA5533998","V4"
"ERR3245632","Prado 2020","PRJEB31847","Brassica napus","SAMEA5533999","V4"
"ERR3245633","Prado 2020","PRJEB31847","Brassica napus","SAMEA5534000","V4"
"ERR3245634","Prado 2020","PRJEB31847","Brassica napus","SAMEA5534001","V4"
"ERR3245635","Prado 2020","PRJEB31847","Brassica napus","SAMEA5534002","V4"
"ERR3245636","Prado 2020","PRJEB31847","Brassica napus","SAMEA5534003","V4"
"ERR3245637","Prado 2020","PRJEB31847","Brassica napus","SAMEA5534004","V4"
"ERR3245638","Prado 2020","PRJEB31847","Brassica napus","SAMEA5534005","V4"
"ERR3245639","Prado 2020","PRJEB31847","Brassica napus","SAMEA5534006","V4"
"ERR3245640","Prado 2020","PRJEB31847","Brassica napus","SAMEA5534007","V4"
"ERR3245641","Prado 2020","PRJEB31847","Brassica napus","SAMEA5534008","V4"
"ERR3245642","Prado 2020","PRJEB31847","Brassica napus","SAMEA5534009","V4"
"ERR3245643","Prado 2020","PRJEB31847","Brassica napus","SAMEA5534011","V4"
"ERR3245644","Prado 2020","PRJEB31847","Brassica napus","SAMEA5534012","V4"
"ERR3245645","Prado 2020","PRJEB31847","Brassica napus","SAMEA5534013","V4"
"ERR3245646","Prado 2020","PRJEB31847","Brassica napus","SAMEA5534014","V4"
"ERR3245647","Prado 2020","PRJEB31847","Brassica napus","SAMEA5534015","V4"
"ERR3245648","Prado 2020","PRJEB31847","Brassica napus","SAMEA5534016","V4"
"ERR3245649","Prado 2020","PRJEB31847","Brassica napus","SAMEA5534017","V4"
"ERR3245650","Prado 2020","PRJEB31847","Brassica napus","SAMEA5534018","V4"
"ERR3245651","Prado 2020","PRJEB31847","Brassica napus","SAMEA5534019","V4"
"ERR3245652","Prado 2020","PRJEB31847","Brassica napus","SAMEA5534020","V4"
"ERR3245653","Prado 2020","PRJEB31847","Brassica napus","SAMEA5534021","V4"
"ERR3245654","Prado 2020","PRJEB31847","Brassica napus","SAMEA5534022","V4"
"ERR3245655","Prado 2020","PRJEB31847","Brassica napus","SAMEA5534023","V4"
"ERR3245656","Prado 2020","PRJEB31847","Brassica napus","SAMEA5534025","V4"
"ERR3245657","Prado 2020","PRJEB31847","Brassica napus","SAMEA5534026","V4"
"ERR3245658","Prado 2020","PRJEB31847","Brassica napus","SAMEA5534027","V4"
"ERR3245659","Prado 2020","PRJEB31847","Brassica napus","SAMEA5534028","V4"
"ERR3245660","Prado 2020","PRJEB31847","Brassica napus","SAMEA5534029","V4"
"ERR3245661","Prado 2020","PRJEB31847","Brassica napus","SAMEA5534030","V4"
"ERR3245662","Prado 2020","PRJEB31847","Brassica napus","SAMEA5534031","V4"
"ERR3245663","Prado 2020","PRJEB31847","Brassica napus","SAMEA5534032","V4"
"ERR3245664","Prado 2020","PRJEB31847","Brassica napus","SAMEA5534033","V4"
"ERR3245665","Prado 2020","PRJEB31847","Brassica napus","SAMEA5534034","V4"
"ERR3245666","Prado 2020","PRJEB31847","Brassica napus","SAMEA5534035","V4"
"ERR3245667","Prado 2020","PRJEB31847","Brassica napus","SAMEA5534036","V4"
"ERR3245668","Prado 2020","PRJEB31847","Brassica napus","SAMEA5534037","V4"
"ERR3245669","Prado 2020","PRJEB31847","Brassica napus","SAMEA5534038","V4"
"ERR3245670","Prado 2020","PRJEB31847","Brassica napus","SAMEA5534039","V4"
"ERR3245671","Prado 2020","PRJEB31847","Brassica napus","SAMEA5534040","V4"
"ERR3245672","Prado 2020","PRJEB31847","Brassica napus","SAMEA5534041","V4"
"ERR3245673","Prado 2020","PRJEB31847","Brassica napus","SAMEA5534042","V4"
"ERR3245674","Prado 2020","PRJEB31847","Brassica napus","SAMEA5534043","V4"
"ERR3245675","Prado 2020","PRJEB31847","Brassica napus","SAMEA5534044","V4"
"ERR3245676","Prado 2020","PRJEB31847","Brassica napus","SAMEA5534045","V4"
"ERR3245677","Prado 2020","PRJEB31847","Brassica napus","SAMEA5534046","V4"
"ERR3245678","Prado 2020","PRJEB31847","Brassica napus","SAMEA5534047","V4"
"ERR3245679","Prado 2020","PRJEB31847","Brassica napus","SAMEA5534048","V4"
"ERR3245680","Prado 2020","PRJEB31847","Brassica napus","SAMEA5534049","V4"
"ERR3245681","Prado 2020","PRJEB31847","Brassica napus","SAMEA5534050","V4"
"ERR3245682","Prado 2020","PRJEB31847","Brassica napus","SAMEA5534051","V4"
"ERR3245683","Prado 2020","PRJEB31847","Brassica napus","SAMEA5534052","V4"
"ERR3245684","Prado 2020","PRJEB31847","Brassica napus","SAMEA5534053","V4"
"ERR3245685","Prado 2020","PRJEB31847","Brassica napus","SAMEA5534054","V4"
"ERR3245686","Prado 2020","PRJEB31847","Brassica napus","SAMEA5534055","V4"
"ERR3245687","Prado 2020","PRJEB31847","Brassica napus","SAMEA5534056","V4"
"ERR3245688","Prado 2020","PRJEB31847","Brassica napus","SAMEA5534057","V4"
"ERR3245689","Prado 2020","PRJEB31847","Brassica napus","SAMEA5534058","V4"
"ERR3245690","Prado 2020","PRJEB31847","Brassica napus","SAMEA5534059","V4"
"ERR3245691","Prado 2020","PRJEB31847","Brassica napus","SAMEA5534060","V4"
"ERR3245692","Prado 2020","PRJEB31847","Brassica napus","SAMEA5534061","V4"
"ERR3245693","Prado 2020","PRJEB31847","Brassica napus","SAMEA5534062","V4"
"ERR3245694","Prado 2020","PRJEB31847","Brassica napus","SAMEA5534063","V4"
"ERR3245695","Prado 2020","PRJEB31847","Brassica napus","SAMEA5534064","V4"
"ERR3245696","Prado 2020","PRJEB31847","Brassica napus","SAMEA5534065","V4"
"ERR3245697","Prado 2020","PRJEB31847","Brassica napus","SAMEA5534066","V4"
"ERR3245698","Prado 2020","PRJEB31847","Brassica napus","SAMEA5534067","V4"
"ERR3245699","Prado 2020","PRJEB31847","Brassica napus","SAMEA5534068","V4"
"ERR3245700","Prado 2020","PRJEB31847","Brassica napus","SAMEA5534069","V4"
"ERR3245701","Prado 2020","PRJEB31847","Brassica napus","SAMEA5534070","V4"
"ERR3245702","Prado 2020","PRJEB31847","Brassica napus","SAMEA5534071","V4"
"ERR3245703","Prado 2020","PRJEB31847","Brassica napus","SAMEA5534072","V4"
"ERR3245704","Prado 2020","PRJEB31847","Brassica napus","SAMEA5534073","V4"
"ERR3245705","Prado 2020","PRJEB31847","Brassica napus","SAMEA5534074","V4"
"ERR3245706","Prado 2020","PRJEB31847","Brassica napus","SAMEA5534075","V4"
"ERR3245707","Prado 2020","PRJEB31847","Brassica napus","SAMEA5534076","V4"
"ERR3245708","Prado 2020","PRJEB31847","Brassica napus","SAMEA5534077","V4"
"ERR3245709","Prado 2020","PRJEB31847","Brassica napus","SAMEA5534078","V4"
"ERR3245710","Prado 2020","PRJEB31847","Brassica napus","SAMEA5534079","V4"
"ERR3245711","Prado 2020","PRJEB31847","Brassica napus","SAMEA5534080","V4"
"ERR3245712","Prado 2020","PRJEB31847","Brassica napus","SAMEA5534081","V4"
"ERR3245713","Prado 2020","PRJEB31847","Brassica napus","SAMEA5534082","V4"
"ERR3245714","Prado 2020","PRJEB31847","Brassica napus","SAMEA5534083","V4"
"ERR3245715","Prado 2020","PRJEB31847","Brassica napus","SAMEA5534084","V4"
"ERR3245716","Prado 2020","PRJEB31847","Brassica napus","SAMEA5534085","V4"
"ERR3245717","Prado 2020","PRJEB31847","Brassica napus","SAMEA5534086","V4"
"ERR3245718","Prado 2020","PRJEB31847","Brassica napus","SAMEA5534087","V4"
"ERR3245719","Prado 2020","PRJEB31847","Brassica napus","SAMEA5534088","V4"
"ERR3245720","Prado 2020","PRJEB31847","Brassica napus","SAMEA5534089","V4"
"ERR3245721","Prado 2020","PRJEB31847","Brassica napus","SAMEA5534090","V4"
"ERR3245722","Prado 2020","PRJEB31847","Brassica napus","SAMEA5534091","V4"
"ERR3245723","Prado 2020","PRJEB31847","Brassica napus","SAMEA5534092","V4"
"ERR3245724","Prado 2020","PRJEB31847","Brassica napus","SAMEA5534093","V4"
"ERR3245725","Prado 2020","PRJEB31847","Brassica napus","SAMEA5534094","V4"
"ERR3245726","Prado 2020","PRJEB31847","Brassica napus","SAMEA5534095","V4"
"ERR3245727","Prado 2020","PRJEB31847","Brassica napus","SAMEA5534096","V4"
"ERR3245728","Prado 2020","PRJEB31847","Brassica napus","SAMEA5534097","V4"
"ERR3245729","Prado 2020","PRJEB31847","Brassica napus","SAMEA5534098","V4"
"ERR3245730","Prado 2020","PRJEB31847","Brassica napus","SAMEA5534099","V4"
"ERR3245731","Prado 2020","PRJEB31847","Brassica napus","SAMEA5534100","V4"
"ERR3245732","Prado 2020","PRJEB31847","Brassica napus","SAMEA5534101","V4"
"ERR3245733","Prado 2020","PRJEB31847","Brassica napus","SAMEA5534102","V4"
"ERR3245734","Prado 2020","PRJEB31847","Brassica napus","SAMEA5534103","V4"
"ERR3245735","Prado 2020","PRJEB31847","Brassica napus","SAMEA5534104","V4"
"ERR3245736","Prado 2020","PRJEB31847","Brassica napus","SAMEA5534105","V4"
"ERR3245737","Prado 2020","PRJEB31847","Brassica napus","SAMEA5534106","V4"
"ERR3245738","Prado 2020","PRJEB31847","Brassica napus","SAMEA5534107","V4"
"ERR3245739","Prado 2020","PRJEB31847","Brassica napus","SAMEA5534108","V4"
"ERR3245740","Prado 2020","PRJEB31847","Brassica napus","SAMEA5534109","V4"
"ERR3245741","Prado 2020","PRJEB31847","Brassica napus","SAMEA5534110","V4"
"ERR3245742","Prado 2020","PRJEB31847","Brassica napus","SAMEA5534111","V4"
"ERR3245743","Prado 2020","PRJEB31847","Brassica napus","SAMEA5534112","V4"
"ERR3245744","Prado 2020","PRJEB31847","Brassica napus","SAMEA5534113","V4"
"ERR3245745","Prado 2020","PRJEB31847","Brassica napus","SAMEA5534114","V4"
"ERR3245746","Prado 2020","PRJEB31847","Brassica napus","SAMEA5534115","V4"
"ERR3245747","Prado 2020","PRJEB31847","Brassica napus","SAMEA5534116","V4"
"ERR3245748","Prado 2020","PRJEB31847","Brassica napus","SAMEA5534117","V4"
"ERR3245749","Prado 2020","PRJEB31847","Brassica napus","SAMEA5534118","V4"
"ERR3245750","Prado 2020","PRJEB31847","Brassica napus","SAMEA5534119","V4"
"ERR3245751","Prado 2020","PRJEB31847","Brassica napus","SAMEA5534120","V4"
"ERR3510649","Faddetta 2021","PRJEB34309","Citrus limon","SAMEA5945897","V4"
"ERR3510650","Faddetta 2021","PRJEB34309","Citrus limon","SAMEA5945898","V4"
"ERR3510651","Faddetta 2021","PRJEB34309","Citrus limon","SAMEA5945899","V4"
"ERR3510652","Faddetta 2021","PRJEB34309","Citrus limon","SAMEA5945900","V4"
"ERR3510653","Faddetta 2021","PRJEB34309","Citrus limon","SAMEA5945901","V4"
"ERR3510654","Faddetta 2021","PRJEB34309","Citrus limon","SAMEA5945902","V4"
"ERR3510655","Faddetta 2021","PRJEB34309","Citrus limon","SAMEA5945903","V4"
"ERR3510656","Faddetta 2021","PRJEB34309","Citrus limon","SAMEA5945904","V4"
"ERR3510657","Faddetta 2021","PRJEB34309","Citrus limon","SAMEA5945905","V4"
"ERR3510658","Faddetta 2021","PRJEB34309","Citrus limon","SAMEA5945906","V4"
"SRR5178319","Zhang 2019","PRJNA361068","Oryza sativa","Endo16S_S8_3","V4"
"SRR5178320","Zhang 2019","PRJNA361068","Oryza sativa","Endo16S_S8_2","V4"
"SRR5178321","Zhang 2019","PRJNA361068","Oryza sativa","Endo16S_S8_1","V4"
"SRR5178322","Zhang 2019","PRJNA361068","Oryza sativa","Endo16S_S7_3","V4"
"SRR5178323","Zhang 2019","PRJNA361068","Oryza sativa","Endo16S_S7_2","V4"
"SRR5178324","Zhang 2019","PRJNA361068","Oryza sativa","Endo16S_S7_1","V4"
"SRR5178325","Zhang 2019","PRJNA361068","Oryza sativa","Endo16S_S6_3","V4"
"SRR5178326","Zhang 2019","PRJNA361068","Oryza sativa","Endo16S_S6_2","V4"
"SRR5178327","Zhang 2019","PRJNA361068","Oryza sativa","Endo16S_S6_1","V4"
"SRR5178328","Zhang 2019","PRJNA361068","Oryza sativa","Endo16S_S5_3","V4"
"SRR5178329","Zhang 2019","PRJNA361068","Oryza sativa","Endo16S_S5_2","V4"
"SRR5178330","Zhang 2019","PRJNA361068","Oryza sativa","Endo16S_S5_1","V4"
"SRR5178331","Zhang 2019","PRJNA361068","Oryza sativa","Endo16S_S4_3","V4"
"SRR5178332","Zhang 2019","PRJNA361068","Oryza sativa","Endo16S_S4_2","V4"
"SRR5178333","Zhang 2019","PRJNA361068","Oryza sativa","Endo16S_S4_1","V4"
"SRR5178334","Zhang 2019","PRJNA361068","Oryza sativa","Endo16S_S3_3","V4"
"SRR5178335","Zhang 2019","PRJNA361068","Oryza sativa","Endo16S_S3_2","V4"
"SRR5178336","Zhang 2019","PRJNA361068","Oryza sativa","Endo16S_S3_1","V4"
"SRR5178337","Zhang 2019","PRJNA361068","Oryza sativa","Endo16S_S2_3","V4"
"SRR5178338","Zhang 2019","PRJNA361068","Oryza sativa","Endo16S_S2_2","V4"
"SRR5178339","Zhang 2019","PRJNA361068","Oryza sativa","Endo16S_S2_1","V4"
"SRR5178340","Zhang 2019","PRJNA361068","Oryza sativa","Endo16S_S1_3","V4"
"SRR5178341","Zhang 2019","PRJNA361068","Oryza sativa","Endo16S_S1_2","V4"
"SRR5178342","Zhang 2019","PRJNA361068","Oryza sativa","Endo16S_S1_1","V4"
"SRR8357070","Liu 2020a","PRJNA510484","Zea mays","USTB","V6-V8"
"SRR8357071","Liu 2020a","PRJNA510484","Zea mays","USTB","V6-V8"
"SRR8357072","Liu 2020a","PRJNA510484","Zea mays","USTB","V6-V8"
"SRR8357073","Liu 2020a","PRJNA510484","Zea mays","USTB","V6-V8"
"SRR8357074","Liu 2020a","PRJNA510484","Zea mays","USTB","V6-V8"
"SRR8357075","Liu 2020a","PRJNA510484","Zea mays","USTB","V6-V8"
"SRR8357076","Liu 2020a","PRJNA510484","Zea mays","USTB","V6-V8"
"SRR8357077","Liu 2020a","PRJNA510484","Zea mays","USTB","V6-V8"
"SRR8357078","Liu 2020a","PRJNA510484","Zea mays","USTB","V6-V8"
"SRR8357079","Liu 2020a","PRJNA510484","Zea mays","USTB","V6-V8"
"SRR8357080","Liu 2020a","PRJNA510484","Zea mays","USTB","V6-V8"
"SRR8357081","Liu 2020a","PRJNA510484","Zea mays","USTB","V6-V8"
"SRR8357082","Liu 2020a","PRJNA510484","Zea mays","USTB","V6-V8"
"SRR8357083","Liu 2020a","PRJNA510484","Zea mays","USTB","V6-V8"
"SRR8357084","Liu 2020a","PRJNA510484","Zea mays","USTB","V6-V8"
"SRR8357085","Liu 2020a","PRJNA510484","Zea mays","USTB","V6-V8"
"SRR8357086","Liu 2020a","PRJNA510484","Zea mays","USTB","V6-V8"
"SRR8357087","Liu 2020a","PRJNA510484","Zea mays","USTB","V6-V8"
"SRR8357088","Liu 2020a","PRJNA510484","Zea mays","USTB","V6-V8"
"SRR8357089","Liu 2020a","PRJNA510484","Zea mays","USTB","V6-V8"
"SRR8357090","Liu 2020a","PRJNA510484","Zea mays","USTB","V6-V8"
"SRR8357091","Liu 2020a","PRJNA510484","Zea mays","USTB","V6-V8"
"SRR8357092","Liu 2020a","PRJNA510484","Zea mays","USTB","V6-V8"
"SRR8357093","Liu 2020a","PRJNA510484","Zea mays","USTB","V6-V8"
"SRR8357094","Liu 2020a","PRJNA510484","Zea mays","USTB","V6-V8"
"SRR8357095","Liu 2020a","PRJNA510484","Zea mays","USTB","V6-V8"
"SRR8357096","Liu 2020a","PRJNA510484","Zea mays","USTB","V6-V8"
"SRR8791087","Raj 2019","PRJNA529046","Oryza sativa","KAL3","V3-V4"
"SRR8791088","Raj 2019","PRJNA529046","Oryza sativa","KEK6","V3-V4"
"SRR8791089","Raj 2019","PRJNA529046","Oryza sativa","KEK5","V3-V4"
"SRR8791090","Raj 2019","PRJNA529046","Oryza sativa","KEK8","V3-V4"
"SRR8791091","Raj 2019","PRJNA529046","Oryza sativa","KEK7","V3-V4"
"SRR8791092","Raj 2019","PRJNA529046","Oryza sativa","FAN2","V3-V4"
"SRR8791101","Raj 2019","PRJNA529046","Oryza sativa","FAN1","V3-V4"
"SRR8791102","Raj 2019","PRJNA529046","Oryza sativa","IDO7","V3-V4"
"SRR8791103","Raj 2019","PRJNA529046","Oryza sativa","IDO2","V3-V4"
"SRR8791104","Raj 2019","PRJNA529046","Oryza sativa","IDO8","V3-V4"
"SRR8791105","Raj 2019","PRJNA529046","Oryza sativa","IDO3","V3-V4"
"SRR8791106","Raj 2019","PRJNA529046","Oryza sativa","IDO4","V3-V4"
"SRR8791107","Raj 2019","PRJNA529046","Oryza sativa","MAG7","V3-V4"
"SRR8791108","Raj 2019","PRJNA529046","Oryza sativa","MAG8","V3-V4"
"SRR8791109","Raj 2019","PRJNA529046","Oryza sativa","MAG5","V3-V4"
"SRR8791110","Raj 2019","PRJNA529046","Oryza sativa","MAG6","V3-V4"
"SRR8791111","Raj 2019","PRJNA529046","Oryza sativa","MAG3","V3-V4"
"SRR8791112","Raj 2019","PRJNA529046","Oryza sativa","MAG4","V3-V4"
"SRR8791113","Raj 2019","PRJNA529046","Oryza sativa","MAG1","V3-V4"
"SRR8791114","Raj 2019","PRJNA529046","Oryza sativa","MAG2","V3-V4"
"SRR8791115","Raj 2019","PRJNA529046","Oryza sativa","KAL7","V3-V4"
"SRR8791116","Raj 2019","PRJNA529046","Oryza sativa","KAL8","V3-V4"
"SRR8791117","Raj 2019","PRJNA529046","Oryza sativa","FAN3","V3-V4"
"SRR8791118","Raj 2019","PRJNA529046","Oryza sativa","FAN4","V3-V4"
"SRR8791119","Raj 2019","PRJNA529046","Oryza sativa","FAN5","V3-V4"
"SRR8791120","Raj 2019","PRJNA529046","Oryza sativa","FAN6","V3-V4"
"SRR8791121","Raj 2019","PRJNA529046","Oryza sativa","FAN7","V3-V4"
"SRR8791122","Raj 2019","PRJNA529046","Oryza sativa","FAN8","V3-V4"
"SRR8791123","Raj 2019","PRJNA529046","Oryza sativa","KEK1","V3-V4"
"SRR8791124","Raj 2019","PRJNA529046","Oryza sativa","KEK2","V3-V4"
"SRR8791125","Raj 2019","PRJNA529046","Oryza sativa","KEK3","V3-V4"
"SRR8791126","Raj 2019","PRJNA529046","Oryza sativa","KEK4","V3-V4"
"SRR8791128","Raj 2019","PRJNA529046","Oryza sativa","IDO6","V3-V4"
"SRR8791133","Raj 2019","PRJNA529046","Oryza sativa","IDO5","V3-V4"
"SRR8791137","Raj 2019","PRJNA529046","Oryza sativa","IDO1","V3-V4"
"SRR8791138","Raj 2019","PRJNA529046","Oryza sativa","KAL6","V3-V4"
"SRR8791139","Raj 2019","PRJNA529046","Oryza sativa","KAL5","V3-V4"
"SRR8791140","Raj 2019","PRJNA529046","Oryza sativa","KAL2","V3-V4"
"SRR8791141","Raj 2019","PRJNA529046","Oryza sativa","KAL1","V3-V4"
"SRR8791142","Raj 2019","PRJNA529046","Oryza sativa","KAL4","V3-V4"
"SRR8846788","Liu 2019","PRJNA530737","Oryza sativa","Z2","V5-V7"
"SRR8846789","Liu 2019","PRJNA530737","Oryza sativa","Z1","V5-V7"
"SRR8846790","Liu 2019","PRJNA530737","Oryza sativa","Z4","V5-V7"
"SRR8846791","Liu 2019","PRJNA530737","Oryza sativa","Z3","V5-V7"
"SRR8846792","Liu 2019","PRJNA530737","Oryza sativa","Tb3","V5-V7"
"SRR8846793","Liu 2019","PRJNA530737","Oryza sativa","Tb4","V5-V7"
"SRR8846794","Liu 2019","PRJNA530737","Oryza sativa","Tg1","V5-V7"
"SRR8846795","Liu 2019","PRJNA530737","Oryza sativa","Tg2","V5-V7"
"SRR8846796","Liu 2019","PRJNA530737","Oryza sativa","Tg3","V5-V7"
"SRR8846797","Liu 2019","PRJNA530737","Oryza sativa","Tg4","V5-V7"
"SRR8846798","Liu 2019","PRJNA530737","Oryza sativa","Tr1","V5-V7"
"SRR8846799","Liu 2019","PRJNA530737","Oryza sativa","Tr2","V5-V7"
"SRR8846800","Liu 2019","PRJNA530737","Oryza sativa","Tr3","V5-V7"
"SRR8846801","Liu 2019","PRJNA530737","Oryza sativa","Tr4","V5-V7"
"SRR8846802","Liu 2019","PRJNA530737","Oryza sativa","Cg1","V5-V7"
"SRR8846803","Liu 2019","PRJNA530737","Oryza sativa","Cg2","V5-V7"
"SRR8846804","Liu 2019","PRJNA530737","Oryza sativa","Cg3","V5-V7"
"SRR8846805","Liu 2019","PRJNA530737","Oryza sativa","Cg4","V5-V7"
"SRR8846806","Liu 2019","PRJNA530737","Oryza sativa","Cb1","V5-V7"
"SRR8846807","Liu 2019","PRJNA530737","Oryza sativa","Cb2","V5-V7"
"SRR8846808","Liu 2019","PRJNA530737","Oryza sativa","Cb3","V5-V7"
"SRR8846809","Liu 2019","PRJNA530737","Oryza sativa","Cb4","V5-V7"
"SRR8846810","Liu 2019","PRJNA530737","Oryza sativa","Tb1","V5-V7"
"SRR8846811","Liu 2019","PRJNA530737","Oryza sativa","Tb2","V5-V7"
"SRR8857592","Eyre 2019","PRJNA531035","Oryza sativa","V10_S10_L001","V3-V4"
"SRR8857593","Eyre 2019","PRJNA531035","Oryza sativa","V9_S9_L001","V3-V4"
"SRR8857594","Eyre 2019","PRJNA531035","Oryza sativa","V2_S2_L001","V3-V4"
"SRR8857595","Eyre 2019","PRJNA531035","Oryza sativa","V1_S1_L001","V3-V4"
"SRR8857596","Eyre 2019","PRJNA531035","Oryza sativa","V4_S4_L001","V3-V4"
"SRR8857597","Eyre 2019","PRJNA531035","Oryza sativa","V3_S3_L001","V3-V4"
"SRR8857598","Eyre 2019","PRJNA531035","Oryza sativa","V6_S6_L001","V3-V4"
"SRR8857599","Eyre 2019","PRJNA531035","Oryza sativa","V5_S5_L001","V3-V4"
"SRR8857600","Eyre 2019","PRJNA531035","Oryza sativa","V8_S8_L001","V3-V4"
"SRR8857601","Eyre 2019","PRJNA531035","Oryza sativa","V7_S7_L001","V3-V4"
"SRR8857602","Eyre 2019","PRJNA531035","Oryza sativa","V14_S14_L001","V3-V4"
"SRR8857603","Eyre 2019","PRJNA531035","Oryza sativa","V13_S13_L001","V3-V4"
"SRR8857604","Eyre 2019","PRJNA531035","Oryza sativa","V12_S12_L001","V3-V4"
"SRR8857605","Eyre 2019","PRJNA531035","Oryza sativa","V11_S11_L001","V3-V4"
"SRR8857606","Eyre 2019","PRJNA531035","Oryza sativa","V18_S18_L001","V3-V4"
"SRR8857607","Eyre 2019","PRJNA531035","Oryza sativa","V17_S17_L001","V3-V4"
"SRR8857608","Eyre 2019","PRJNA531035","Oryza sativa","V16_S16_L001","V3-V4"
"SRR8857609","Eyre 2019","PRJNA531035","Oryza sativa","V15_S15_L001","V3-V4"
"SRR8857610","Eyre 2019","PRJNA531035","Oryza sativa","V20_S20_L001","V3-V4"
"SRR8857611","Eyre 2019","PRJNA531035","Oryza sativa","V19_S19_L001","V3-V4"
"SRR8857612","Eyre 2019","PRJNA531035","Oryza sativa","V23_S23_L001","V3-V4"
"SRR8857613","Eyre 2019","PRJNA531035","Oryza sativa","V24_S24_L001","V3-V4"
"SRR8857614","Eyre 2019","PRJNA531035","Oryza sativa","V21_S21_L001","V3-V4"
"SRR8857615","Eyre 2019","PRJNA531035","Oryza sativa","V22_S22_L001","V3-V4"
"SRR9645047","Thomas 2020","PRJNA552773","Solanum lycopersicum","EG-MG01:Tomato cv. Arka Vikas seed endophytic microbiome","V3-V4"
"SRR9645048","Thomas 2020","PRJNA552773","Solanum lycopersicum","EG.MG02","V3-V4"
